bac,mention,filière,type_etu,domaine_etu,type_lieu_etu,pays_bac,tranche_age,genre,Niveau_etu,type_cours,satisfact_formation,Col_specialite1,Col_specialite2,Col_matière_prefere1,Col_matière_prefere2,Col_domaine_activite_pro1
SCIENTIFIQUE (ÉQUIVALENT),ASSEZ-BIEN,MIASHS,LONGUES (>= MASTER),SCIENCES ET TECHNOLOGIES,UNIVERSITÉ,FRANCE,18-21,MASCULIN,MASTER,PRÉSENTIEL,OUI,MATHÉMATIQUES,PAS DE SPÉ,MATHÉMATIQUES,PHYSIQUE-CHIMIE (PC),DOMAINE DE LA DATA
SCIENTIFIQUE (ÉQUIVALENT),BIEN,MIASHS,LONGUES (>= MASTER),SCIENCES ET TECHNOLOGIES,UNIVERSITÉ,AFRIQUE,12-17,MASCULIN,MASTER,PRÉSENTIEL,OUI,MATHÉMATIQUES,PHYSIQUE-CHIMIE (PC),MATHÉMATIQUES,PHYSIQUE-CHIMIE (PC),ACTUAIRE
SCIENTIFIQUE (ÉQUIVALENT),HONORABLE,MPCSI,LONGUES (>= MASTER),SCIENCES ET TECHNOLOGIES,CLASSE PRÉPARATOIRE,FRANCE,12-17,MASCULIN,MASTER,PRÉSENTIEL,OUI,SCIENCES DE L'INGÉNIEUR,PAS DE SPÉ,MATHÉMATIQUES,PHYSIQUE-CHIMIE (PC),MATHS APPLIQUÉES
ECONOMIE ET SOCIALE (ÉQUIVALENT),ASSEZ-BIEN,MEEF OU ENPJJ,LONGUES (>= MASTER),SCIENCES ET TECHNOLOGIES,BUT,FRANCE,18-21,FÉMININ,BACHELOR,PRÉSENTIEL,OUI,SCIENCES ÉCONOMIQUES ET SOCIALES,HUMANITÉS,PHILOSOPHIE,ART,ÉDUCATION
SCIENTIFIQUE (ÉQUIVALENT),BIEN,SCIENCES POLITIQUES,LONGUES (>= MASTER),DROIT ET SCIENCES POLITIQUES,UNIVERSITÉ,FRANCE,12-17,MASCULIN,LICENCE,PRÉSENTIEL,OUI,MATHÉMATIQUES,PHYSIQUE-CHIMIE (PC),MATHÉMATIQUES,PHILOSOPHIE,ADMINISTRATION PUBLIQUE
SCIENTIFIQUE (ÉQUIVALENT),ASSEZ-BIEN,INFORMATIQUE,LONGUES (>= MASTER),SCIENCES ET TECHNOLOGIES,UNIVERSITÉ,FRANCE,12-17,MASCULIN,BAC,HYBRIDES,OUI,MATHÉMATIQUES,PHYSIQUE-CHIMIE (PC),MATHÉMATIQUES,SCIENCES NUMÉRIQUES ET TECHNOLOGIE,DÉVELOPPEMENT DE LOGICIELS
TECHNIQUE (ÉQUIVALENT),TRÈS-BIEN,INFORMATIQUE,COURTES ( < MASTER),SCIENCES ET TECHNOLOGIES,BUT,FRANCE,18-21,MASCULIN,MASTER,LIGNE,OUI,PHYSIQUE-CHIMIE (PC),NUMÉRIQUES ET SCIENCES INFORMATIQUES,SCIENCES NUMÉRIQUES ET TECHNOLOGIE,NON RENSEIGNÉ,BANQUE ASSURANCE
SCIENTIFIQUE (ÉQUIVALENT),PASSABLE,ARTS PLASTIQUES,LONGUES (>= MASTER),ARTS,UNIVERSITÉ,FRANCE,12-17,FÉMININ,LICENCE,HYBRIDES,NON,SCIENCES HUMAINES,LITTÉRATURE ET PHILOSOPHIE,PHILOSOPHIE,ART,ANIMATION
LITTÉRAIRE (ÉQUIVALENT),ASSEZ-BIEN,ANGLAIS,LONGUES (>= MASTER),"LETTRES, LANGUES ET ART",UNIVERSITÉ,FRANCE,18-21,FÉMININ,LICENCE,PRÉSENTIEL,OUI,MATHÉMATIQUES,HUMANITÉS,FRANÇAIS,LANGUES ÉTRANGÈRES,TOURISME
LITTÉRAIRE (ÉQUIVALENT),TRÈS-BIEN,ARTS PLASTIQUES,LONGUES (>= MASTER),ARTS,UNIVERSITÉ,FRANCE,12-17,FÉMININ,BAC,PRÉSENTIEL,OUI,ARTS,LANGUES,PHILOSOPHIE,ART,LA MODÉLISATION 3D
SCIENTIFIQUE (ÉQUIVALENT),TRÈS-BIEN,MÉDECINE,LONGUES (>= MASTER),SCIENCES DE LA VIE ET DE LA SANTÉ,UNIVERSITÉ,FRANCE,12-17,MASCULIN,LICENCE,PRÉSENTIEL,OUI,MATHÉMATIQUES,PAS DE SPÉ,MATHÉMATIQUES,PHYSIQUE-CHIMIE (PC),NON RENSEIGNÉ
SCIENTIFIQUE (ÉQUIVALENT),PASSABLE,INFORMATIQUE,COURTES ( < MASTER),SCIENCES ET TECHNOLOGIES,UNIVERSITÉ,FRANCE,18-21,MASCULIN,MASTER,PRÉSENTIEL,OUI,MATHÉMATIQUES,PAS DE SPÉ,SCIENCES NUMÉRIQUES ET TECHNOLOGIE,NON RENSEIGNÉ,NON RENSEIGNÉ
SCIENTIFIQUE (ÉQUIVALENT),ASSEZ-BIEN,ARTS PLASTIQUES,LONGUES (>= MASTER),ARTS,UNIVERSITÉ,FRANCE,18-21,MASCULIN,BAC,PRÉSENTIEL,OUI,MATHÉMATIQUES,HISTOIRE-GÉOGRAPHIE ( HGGSP ),PHILOSOPHIE,ART,ENSEIGNEMENT
SCIENTIFIQUE (ÉQUIVALENT),BIEN,SESI,LONGUES (>= MASTER),SCIENCES ET TECHNOLOGIES,CLASSE PRÉPARATOIRE,FRANCE,18-21,FÉMININ,INGÉNIEUR,PRÉSENTIEL,OUI,PHYSIQUE-CHIMIE (PC),PAS DE SPÉ,SCIENCES NUMÉRIQUES ET TECHNOLOGIE,PHYSIQUE-CHIMIE (PC),NON RENSEIGNÉ
LITTÉRAIRE (ÉQUIVALENT),ASSEZ-BIEN,ARTS PLASTIQUES,LONGUES (>= MASTER),"LETTRES, LANGUES ET ART",UNIVERSITÉ,FRANCE,12-17,FÉMININ,LICENCE,PRÉSENTIEL,OUI,SCIENCES HUMAINES,LITTÉRATURE ET PHILOSOPHIE,HISTOIRE-GÉOGRAPHIE ( HGGSP ),ART,ART
PROFESSIONNEL,PASSABLE,ARTS,LONGUES (>= MASTER),ARTS,UNIVERSITÉ,FRANCE,12-17,FÉMININ,LICENCE,PRÉSENTIEL,OUI,ARTS,PAS DE SPÉ,FRANÇAIS,NON RENSEIGNÉ,ART
LITTÉRAIRE (ÉQUIVALENT),ASSEZ-BIEN,ARTS,LONGUES (>= MASTER),"LETTRES, LANGUES ET ART",UNIVERSITÉ,FRANCE,12-17,MASCULIN,LICENCE,PRÉSENTIEL,OUI,SCIENCES DE LA VIE ET DE LA TERRE (SVT),HISTOIRE-GÉOGRAPHIE ( HGGSP ),ART,LANGUES ÉTRANGÈRES,ENSEIGNEMENT
LITTÉRAIRE (ÉQUIVALENT),ASSEZ-BIEN,ARTS PLASTIQUES,LONGUES (>= MASTER),ARTS,UNIVERSITÉ,FRANCE,12-17,MASCULIN,BAC,HYBRIDES,OUI,HISTOIRE-GÉOGRAPHIE ( HGGSP ),ARTS,HISTOIRE-GÉOGRAPHIE ( HGGSP ),ART,ENSEIGNEMENT
LITTÉRAIRE (ÉQUIVALENT),ASSEZ-BIEN,ARTS,LONGUES (>= MASTER),ARTS,UNIVERSITÉ,FRANCE,18-21,FÉMININ,BAC,PRÉSENTIEL,OUI,SCIENCES ÉCONOMIQUES ET SOCIALES,ARTS,FRANÇAIS,LANGUES ÉTRANGÈRES,NON RENSEIGNÉ
ECONOMIE ET SOCIALE (ÉQUIVALENT),PASSABLE,ARTS,COURTES ( < MASTER),ARTS,UNIVERSITÉ,FRANCE,12-17,FÉMININ,BAC,HYBRIDES,OUI,PHYSIQUE-CHIMIE (PC),SCIENCES DE LA VIE ET DE LA TERRE (SVT),ART,NON RENSEIGNÉ,ART
LITTÉRAIRE (ÉQUIVALENT),PASSABLE,ARTS PLASTIQUES,COURTES ( < MASTER),ARTS,UNIVERSITÉ,FRANCE,18-21,MASCULIN,LICENCE,PRÉSENTIEL,OUI,ARTS,ANGLAIS MONDE CONTEMPORAIN,ART,LANGUES ÉTRANGÈRES,NON RENSEIGNÉ
SCIENTIFIQUE (ÉQUIVALENT),PASSABLE,ARTS PLASTIQUES,LONGUES (>= MASTER),"LETTRES, LANGUES ET ART",GRANDE ÉCOLE / ÉCOLE D'INGÉNIEURE,GUYANE,12-17,MASCULIN,LICENCE,PRÉSENTIEL,OUI,MATHÉMATIQUES,PHYSIQUE-CHIMIE (PC),ÉDUCATION PHYSIQUE ET SPORTIVE,LANGUES ÉTRANGÈRES,ARCHITECTURE
SCIENTIFIQUE (ÉQUIVALENT),TRÈS-BIEN,MÉDECINE,LONGUES (>= MASTER),SCIENCES DE LA VIE ET DE LA SANTÉ,UNIVERSITÉ,FRANCE,12-17,FÉMININ,LICENCE,PRÉSENTIEL,OUI,MATHÉMATIQUES,PHYSIQUE-CHIMIE (PC),PHYSIQUE-CHIMIE (PC),SCIENCES DE LA VIE ET DE LA TERRE (SVT),SANTÉ
TECHNIQUE (ÉQUIVALENT),PASSABLE,ARTS PLASTIQUES,COURTES ( < MASTER),"LETTRES, LANGUES ET ART",UNIVERSITÉ,FRANCE,12-17,MASCULIN,BAC,LIGNE,NON,ARTS,PAS DE SPÉ,SCIENCES NUMÉRIQUES ET TECHNOLOGIE,NON RENSEIGNÉ,NON RENSEIGNÉ
ECONOMIE ET SOCIALE (ÉQUIVALENT),BIEN,ARTS PLASTIQUES,COURTES ( < MASTER),ARTS,UNIVERSITÉ,FRANCE,12-17,FÉMININ,LICENCE,PRÉSENTIEL,OUI,HISTOIRE-GÉOGRAPHIE ( HGGSP ),HUMANITÉS,HISTOIRE-GÉOGRAPHIE ( HGGSP ),HISTOIRE-GÉOGRAPHIE ( HGGSP ),NON RENSEIGNÉ
TECHNIQUE (ÉQUIVALENT),PASSABLE,ARTS PLASTIQUES,COURTES ( < MASTER),ARTS,UNIVERSITÉ,FRANCE,18-21,MASCULIN,LICENCE,HYBRIDES,OUI,SCIENCES HUMAINES,PAS DE SPÉ,PHILOSOPHIE,LANGUES ÉTRANGÈRES,CARACTER DESIGNER
SCIENTIFIQUE (ÉQUIVALENT),ASSEZ-BIEN,ARTS PLASTIQUES,LONGUES (>= MASTER),ARTS,UNIVERSITÉ,ESPAGNE,12-17,FÉMININ,BAC,PRÉSENTIEL,OUI,SCIENCES ÉCONOMIQUES ET SOCIALES,HISTOIRE-GÉOGRAPHIE ( HGGSP ),HISTOIRE-GÉOGRAPHIE ( HGGSP ),ART,ANIMATION
LITTÉRAIRE (ÉQUIVALENT),PASSABLE,ARTS PLASTIQUES,COURTES ( < MASTER),ARTS,UNIVERSITÉ,FRANCE,12-17,MASCULIN,BAC,HYBRIDES,NON,SCIENCES HUMAINES,LITTÉRATURE ET PHILOSOPHIE,ART,NON RENSEIGNÉ,ARTISTE
TECHNIQUE (ÉQUIVALENT),BIEN,ARTS PLASTIQUES,LONGUES (>= MASTER),ARTS,UNIVERSITÉ,FRANCE,12-17,FÉMININ,BAC,PRÉSENTIEL,OUI,ARTS,PAS DE SPÉ,HISTOIRE-GÉOGRAPHIE ( HGGSP ),ART,NON RENSEIGNÉ
PROFESSIONNEL,BIEN,ARTS PLASTIQUES,LONGUES (>= MASTER),ARTS,UNIVERSITÉ,FRANCE,18-21,MASCULIN,LICENCE,HYBRIDES,OUI,PHYSIQUE-CHIMIE (PC),PAS DE SPÉ,MATHÉMATIQUES,PHYSIQUE-CHIMIE (PC),NON RENSEIGNÉ
SCIENTIFIQUE (ÉQUIVALENT),BIEN,ARTS PLASTIQUES,LONGUES (>= MASTER),ARTS,UNIVERSITÉ,FRANCE,18-21,FÉMININ,LICENCE,PRÉSENTIEL,OUI,MATHÉMATIQUES,SCIENCES DE L'INGÉNIEUR,MATHÉMATIQUES,ÉDUCATION PHYSIQUE ET SPORTIVE,ART
LITTÉRAIRE (ÉQUIVALENT),ASSEZ-BIEN,ARTS PLASTIQUES,LONGUES (>= MASTER),ARTS,UNIVERSITÉ,FRANCE,12-17,FÉMININ,BAC,HYBRIDES,OUI,HISTOIRE-GÉOGRAPHIE ( HGGSP ),HUMANITÉS,PHILOSOPHIE,ART,NON RENSEIGNÉ
SCIENTIFIQUE (ÉQUIVALENT),ASSEZ-BIEN,ARTS,LONGUES (>= MASTER),ARTS,BTS,FRANCE,18-21,FÉMININ,BAC,PRÉSENTIEL,OUI,MATHÉMATIQUES,PHYSIQUE-CHIMIE (PC),HISTOIRE-GÉOGRAPHIE ( HGGSP ),ART,RESTAURATRICE D'OEUVRE D'ART
ECONOMIE ET SOCIALE (ÉQUIVALENT),PASSABLE,ANGLAIS,LONGUES (>= MASTER),"LETTRES, LANGUES ET ART",UNIVERSITÉ,FRANCE,18-21,FÉMININ,LICENCE,PRÉSENTIEL,OUI,MATHÉMATIQUES,SCIENCES ÉCONOMIQUES ET SOCIALES,LANGUES ÉTRANGÈRES,NON RENSEIGNÉ,TRADUCTION
SCIENTIFIQUE (ÉQUIVALENT),TRÈS-BIEN,MÉDECINE,LONGUES (>= MASTER),SCIENCES DE LA VIE ET DE LA SANTÉ,CLASSE PRÉPARATOIRE,FRANCE,12-17,MASCULIN,LICENCE,PRÉSENTIEL,OUI,MATHÉMATIQUES,PHYSIQUE-CHIMIE (PC),MATHÉMATIQUES,PHYSIQUE-CHIMIE (PC),MEDECINE
SCIENTIFIQUE (ÉQUIVALENT),TRÈS-BIEN,MÉDECINE,LONGUES (>= MASTER),SCIENCES DE LA VIE ET DE LA SANTÉ,UNIVERSITÉ,CAMEROUN,12-17,FÉMININ,LICENCE,PRÉSENTIEL,OUI,MATHÉMATIQUES,SCIENCES DE LA VIE ET DE LA TERRE (SVT),MATHÉMATIQUES,NON RENSEIGNÉ,MÉDECINE
ECONOMIE ET SOCIALE (ÉQUIVALENT),BIEN,ANGLAIS,LONGUES (>= MASTER),"LETTRES, LANGUES ET ART",UNIVERSITÉ,FRANCE,12-17,FÉMININ,LICENCE,PRÉSENTIEL,NON,SCIENCES ÉCONOMIQUES ET SOCIALES,HISTOIRE-GÉOGRAPHIE ( HGGSP ),SCIENCES ÉCONOMIQUES ET SOCIALES,LANGUES ÉTRANGÈRES,NON RENSEIGNÉ
LITTÉRAIRE (ÉQUIVALENT),TRÈS-BIEN,ANGLAIS,LONGUES (>= MASTER),"LETTRES, LANGUES ET ART",UNIVERSITÉ,LUXEMBOURG,18-21,MASCULIN,LICENCE,PRÉSENTIEL,OUI,SCIENCES HUMAINES,LITTÉRATURE ET PHILOSOPHIE,FRANÇAIS,LANGUES ÉTRANGÈRES,NON RENSEIGNÉ
SCIENTIFIQUE (ÉQUIVALENT),BIEN,MIASHS,LONGUES (>= MASTER),SCIENCES ET TECHNOLOGIES,UNIVERSITÉ,FRANCE,12-17,FÉMININ,LICENCE,HYBRIDES,OUI,PHYSIQUE-CHIMIE (PC),SCIENCES DE LA VIE ET DE LA TERRE (SVT),PHYSIQUE-CHIMIE (PC),SCIENCES DE LA VIE ET DE LA TERRE (SVT),PROGRAMMATION INFORMATIQUE
SCIENTIFIQUE (ÉQUIVALENT),TRÈS-BIEN,SCIENCES POLITIQUES,COURTES ( < MASTER),DROIT ET SCIENCES POLITIQUES,ECOLE DE COMMERCE,EQUATEUR,18-21,MASCULIN,BAC,PRÉSENTIEL,OUI,SCIENCES ÉCONOMIQUES ET SOCIALES,LANGUES,HISTOIRE-GÉOGRAPHIE ( HGGSP ),ÉDUCATION PHYSIQUE ET SPORTIVE,NON RENSEIGNÉ
ECONOMIE ET SOCIALE (ÉQUIVALENT),BIEN,MIASHS,LONGUES (>= MASTER),SCIENCES ET TECHNOLOGIES,UNIVERSITÉ,FRANCE,18-21,FÉMININ,MASTER,PRÉSENTIEL,OUI,MATHÉMATIQUES,SCIENCES ÉCONOMIQUES ET SOCIALES,SCIENCES NUMÉRIQUES ET TECHNOLOGIE,NON RENSEIGNÉ,DOMAINE DE LA DATA
SCIENTIFIQUE (ÉQUIVALENT),PASSABLE,MIASHS,COURTES ( < MASTER),SCIENCES ET TECHNOLOGIES,UNIVERSITÉ,GABON,22-25,MASCULIN,MASTER,HYBRIDES,OUI,MATHÉMATIQUES,PHYSIQUE-CHIMIE (PC),MATHÉMATIQUES,ÉDUCATION PHYSIQUE ET SPORTIVE,DOMAINE DE LA DATA
SCIENTIFIQUE (ÉQUIVALENT),BIEN,INFORMATIQUE,LONGUES (>= MASTER),SCIENCES ET TECHNOLOGIES,UNIVERSITÉ,FRANCE,18-21,MASCULIN,MASTER,HYBRIDES,OUI,MATHÉMATIQUES,HUMANITÉS,SCIENCES NUMÉRIQUES ET TECHNOLOGIE,NON RENSEIGNÉ,DOMAINE DE LA DATA
ECONOMIE ET SOCIALE (ÉQUIVALENT),TRÈS-BIEN,SCIENCES POLITIQUES,COURTES ( < MASTER),DROIT ET SCIENCES POLITIQUES,UNIVERSITÉ,FRANCE,12-17,FÉMININ,LICENCE,PRÉSENTIEL,OUI,SCIENCES ÉCONOMIQUES ET SOCIALES,HISTOIRE-GÉOGRAPHIE ( HGGSP ),HISTOIRE-GÉOGRAPHIE ( HGGSP ),NON RENSEIGNÉ,NON RENSEIGNÉ
ECONOMIE ET SOCIALE (ÉQUIVALENT),BIEN,MIASHS,LONGUES (>= MASTER),SCIENCES ET TECHNOLOGIES,UNIVERSITÉ,FRANCE,12-17,FÉMININ,MASTER,PRÉSENTIEL,OUI,MATHÉMATIQUES,LANGUES,SCIENCES ÉCONOMIQUES ET SOCIALES,SCIENCES NUMÉRIQUES ET TECHNOLOGIE,INTERACTION HUMAIN-MACHINE
ECONOMIE ET SOCIALE (ÉQUIVALENT),BIEN,MIASHS,LONGUES (>= MASTER),SCIENCES ET TECHNOLOGIES,UNIVERSITÉ,FRANCE,12-17,FÉMININ,MASTER,PRÉSENTIEL,OUI,MATHÉMATIQUES,PAS DE SPÉ,ART,SCIENCES ÉCONOMIQUES ET SOCIALES,INTERACTION HUMAIN-MACHINE
SCIENTIFIQUE (ÉQUIVALENT),TRÈS-BIEN,PHYSIQUE,LONGUES (>= MASTER),SCIENCES ET TECHNOLOGIES,UNIVERSITÉ,FRANCE,12-17,FÉMININ,LICENCE,PRÉSENTIEL,OUI,MATHÉMATIQUES,PHYSIQUE-CHIMIE (PC),MATHÉMATIQUES,PHYSIQUE-CHIMIE (PC),NON RENSEIGNÉ
SCIENTIFIQUE (ÉQUIVALENT),TRÈS-BIEN,PROTECTION DE L'ENVIRONNEMENT,COURTES ( < MASTER),SCIENCES DE LA VIE ET DE LA SANTÉ,CLASSE PRÉPARATOIRE,FRANCE,18-21,FÉMININ,DOCTORAT,HYBRIDES,OUI,SCIENCES DE LA VIE ET DE LA TERRE (SVT),PAS DE SPÉ,PHYSIQUE-CHIMIE (PC),SCIENCES DE LA VIE ET DE LA TERRE (SVT),ASSOCIATIF
LITTÉRAIRE (ÉQUIVALENT),ASSEZ-BIEN,SCIENCES DU LANGAGE,COURTES ( < MASTER),SCIENCES HUMAINES ET SOCIALES,UNIVERSITÉ,FRANCE,12-17,FÉMININ,LICENCE,HYBRIDES,OUI,SCIENCES ÉCONOMIQUES ET SOCIALES,HISTOIRE-GÉOGRAPHIE ( HGGSP ),LANGUES ÉTRANGÈRES,NON RENSEIGNÉ,MEDECINE
SCIENTIFIQUE (ÉQUIVALENT),TRÈS-BIEN,PHYSIQUE,LONGUES (>= MASTER),SCIENCES ET TECHNOLOGIES,UNIVERSITÉ,FRANCE,18-21,MASCULIN,LICENCE,LIGNE,OUI,MATHÉMATIQUES,PHYSIQUE-CHIMIE (PC),MATHÉMATIQUES,PHYSIQUE-CHIMIE (PC),ENSEIGNEMENT
SCIENTIFIQUE (ÉQUIVALENT),ASSEZ-BIEN,PHYSIQUE-CHIMIE,LONGUES (>= MASTER),SCIENCES ET TECHNOLOGIES,UNIVERSITÉ,FRANCE,12-17,MASCULIN,LICENCE,PRÉSENTIEL,OUI,PHYSIQUE-CHIMIE (PC),PAS DE SPÉ,MATHÉMATIQUES,PHYSIQUE-CHIMIE (PC),NON RENSEIGNÉ
SCIENTIFIQUE (ÉQUIVALENT),TRÈS-BIEN,MATHÉMATIQUES,LONGUES (>= MASTER),SCIENCES ET TECHNOLOGIES,CLASSE PRÉPARATOIRE,FRANCE,18-21,FÉMININ,LICENCE,PRÉSENTIEL,OUI,MATHÉMATIQUES,PHYSIQUE-CHIMIE (PC),MATHÉMATIQUES,NON RENSEIGNÉ,INGÉNIEUR EN SPORT AUTOMOBILE
SCIENTIFIQUE (ÉQUIVALENT),HONORABLE,PHYSIQUE,LONGUES (>= MASTER),SCIENCES ET TECHNOLOGIES,CLASSE PRÉPARATOIRE,FRANCE,18-21,MASCULIN,LICENCE,HYBRIDES,OUI,MATHÉMATIQUES,PHYSIQUE-CHIMIE (PC),MATHÉMATIQUES,PHYSIQUE-CHIMIE (PC),INGÉNIERIE
SCIENTIFIQUE (ÉQUIVALENT),HONORABLE,MATHÉMATIQUES,LONGUES (>= MASTER),SCIENCES ET TECHNOLOGIES,UNIVERSITÉ,FRANCE,18-21,MASCULIN,LICENCE,PRÉSENTIEL,OUI,MATHÉMATIQUES,PHYSIQUE-CHIMIE (PC),MATHÉMATIQUES,NON RENSEIGNÉ,ENSEIGNEMENT
SCIENTIFIQUE (ÉQUIVALENT),TRÈS-BIEN,MATHÉMATIQUES,LONGUES (>= MASTER),SCIENCES ET TECHNOLOGIES,UNIVERSITÉ,FRANCE,12-17,FÉMININ,BAC,PRÉSENTIEL,OUI,MATHÉMATIQUES,PHYSIQUE-CHIMIE (PC),MATHÉMATIQUES,PHILOSOPHIE,RECHERCHE
SCIENTIFIQUE (ÉQUIVALENT),TRÈS-BIEN,MIASHS,LONGUES (>= MASTER),SCIENCES ET TECHNOLOGIES,UNIVERSITÉ,FRANCE,12-17,MASCULIN,BAC,PRÉSENTIEL,OUI,MATHÉMATIQUES,PHYSIQUE-CHIMIE (PC),MATHÉMATIQUES,SCIENCES NUMÉRIQUES ET TECHNOLOGIE,ENSEIGNEMENT
SCIENTIFIQUE (ÉQUIVALENT),ASSEZ-BIEN,INFORMATIQUE,LONGUES (>= MASTER),SCIENCES ET TECHNOLOGIES,UNIVERSITÉ,FRANCE,12-17,MASCULIN,MASTER,PRÉSENTIEL,OUI,MATHÉMATIQUES,PHYSIQUE-CHIMIE (PC),SCIENCES DE LA VIE ET DE LA TERRE (SVT),SCIENCES NUMÉRIQUES ET TECHNOLOGIE,DÉVELOPPEMENT JEUX VIDEO
SCIENTIFIQUE (ÉQUIVALENT),BIEN,MATHÉMATIQUES,LONGUES (>= MASTER),SCIENCES ET TECHNOLOGIES,CLASSE PRÉPARATOIRE,FRANCE,12-17,FÉMININ,LICENCE,PRÉSENTIEL,OUI,MATHÉMATIQUES,PHYSIQUE-CHIMIE (PC),MATHÉMATIQUES,NON RENSEIGNÉ,ENSEIGNEMENT
SCIENTIFIQUE (ÉQUIVALENT),BIEN,INFORMATIQUE,LONGUES (>= MASTER),SCIENCES ET TECHNOLOGIES,UNIVERSITÉ,FRANCE,18-21,MASCULIN,MASTER,PRÉSENTIEL,OUI,MATHÉMATIQUES,PHYSIQUE-CHIMIE (PC),MATHÉMATIQUES,SCIENCES NUMÉRIQUES ET TECHNOLOGIE,AEROSPATIALE
ECONOMIE ET SOCIALE (ÉQUIVALENT),ASSEZ-BIEN,SCIENCE DU LANGAGE,COURTES ( < MASTER),SCIENCES HUMAINES ET SOCIALES,BTS,FRANCE,12-17,FÉMININ,LICENCE,HYBRIDES,NON,SCIENCES ÉCONOMIQUES ET SOCIALES,HISTOIRE-GÉOGRAPHIE ( HGGSP ),HISTOIRE-GÉOGRAPHIE ( HGGSP ),FRANÇAIS,ENSEIGNEMENT
SCIENTIFIQUE (ÉQUIVALENT),TRÈS-BIEN,ARTS,LONGUES (>= MASTER),SCIENCES ET TECHNOLOGIES,UNIVERSITÉ,FRANCE,12-17,FÉMININ,LICENCE,HYBRIDES,OUI,MATHÉMATIQUES,PHYSIQUE-CHIMIE (PC),PHYSIQUE-CHIMIE (PC),NON RENSEIGNÉ,PHYSIQUE
SCIENTIFIQUE (ÉQUIVALENT),TRÈS-BIEN,MATHÉMATIQUES,LONGUES (>= MASTER),SCIENCES ET TECHNOLOGIES,CLASSE PRÉPARATOIRE,FRANCE,18-21,FÉMININ,LICENCE,PRÉSENTIEL,OUI,MATHÉMATIQUES,PHYSIQUE-CHIMIE (PC),MATHÉMATIQUES,LANGUES ÉTRANGÈRES,NON RENSEIGNÉ
SCIENTIFIQUE (ÉQUIVALENT),ASSEZ-BIEN,MATHÉMATIQUES,LONGUES (>= MASTER),SCIENCES ET TECHNOLOGIES,UNIVERSITÉ,FRANCE,18-21,MASCULIN,LICENCE,HYBRIDES,OUI,MATHÉMATIQUES,PAS DE SPÉ,MATHÉMATIQUES,LANGUES ÉTRANGÈRES,DOMAINE DE LA DATA
ECONOMIE ET SOCIALE (ÉQUIVALENT),TRÈS-BIEN,SCIENCES DU LANGAGE,COURTES ( < MASTER),"LETTRES, LANGUES ET ART",UNIVERSITÉ,FRANCE,18-21,FÉMININ,LICENCE,HYBRIDES,OUI,MATHÉMATIQUES,SCIENCES ÉCONOMIQUES ET SOCIALES,MATHÉMATIQUES,NON RENSEIGNÉ,ENSEIGNEMENT
SCIENTIFIQUE (ÉQUIVALENT),TRÈS-BIEN,MATHÉMATIQUES,LONGUES (>= MASTER),SCIENCES ET TECHNOLOGIES,UNIVERSITÉ,FRANCE,12-17,MASCULIN,LICENCE,PRÉSENTIEL,NON,MATHÉMATIQUES,PAS DE SPÉ,MATHÉMATIQUES,PHYSIQUE-CHIMIE (PC),INGÉNIERIE
SCIENTIFIQUE (ÉQUIVALENT),BIEN,MATHÉMATIQUES,LONGUES (>= MASTER),SCIENCES ET TECHNOLOGIES,UNIVERSITÉ,FRANCE,18-21,FÉMININ,LICENCE,PRÉSENTIEL,OUI,MATHÉMATIQUES,PHYSIQUE-CHIMIE (PC),MATHÉMATIQUES,NON RENSEIGNÉ,ENSEIGNEMENT
ECONOMIE ET SOCIALE (ÉQUIVALENT),TRÈS-BIEN,SCIENCES POLITIQUES,LONGUES (>= MASTER),DROIT ET SCIENCES POLITIQUES,UNIVERSITÉ,FRANCE,12-17,FÉMININ,BAC,HYBRIDES,OUI,MATHÉMATIQUES,SCIENCES ÉCONOMIQUES ET SOCIALES,SCIENCES ÉCONOMIQUES ET SOCIALES,LANGUES ÉTRANGÈRES,HUMANITAIRE
SCIENTIFIQUE (ÉQUIVALENT),ASSEZ-BIEN,MATHÉMATIQUES,LONGUES (>= MASTER),SCIENCES ET TECHNOLOGIES,CLASSE PRÉPARATOIRE,FRANCE,18-21,FÉMININ,LICENCE,LIGNE,OUI,MATHÉMATIQUES,PAS DE SPÉ,MATHÉMATIQUES,PHYSIQUE-CHIMIE (PC),DÉVELOPPEMENT DE LOGICIELS
SCIENTIFIQUE (ÉQUIVALENT),TRÈS-BIEN,MATHÉMATIQUES,LONGUES (>= MASTER),SCIENCES ET TECHNOLOGIES,UNIVERSITÉ,FRANCE,12-17,MASCULIN,LICENCE,HYBRIDES,OUI,MATHÉMATIQUES,PAS DE SPÉ,MATHÉMATIQUES,NON RENSEIGNÉ,DOMAINE DE LA DATA
ECONOMIE ET SOCIALE (ÉQUIVALENT),BIEN,SCIENCES DU LANGAGE,LONGUES (>= MASTER),"LETTRES, LANGUES ET ART",UNIVERSITÉ,FRANCE,12-17,FÉMININ,LICENCE,HYBRIDES,OUI,SCIENCES ÉCONOMIQUES ET SOCIALES,SCIENCES DE LA VIE ET DE LA TERRE (SVT),ART,SCIENCES ÉCONOMIQUES ET SOCIALES,NON RENSEIGNÉ
ECONOMIE ET SOCIALE (ÉQUIVALENT),BIEN,SCIENCES POLITIQUES,LONGUES (>= MASTER),DROIT ET SCIENCES POLITIQUES,UNIVERSITÉ,FRANCE,12-17,FÉMININ,LICENCE,PRÉSENTIEL,OUI,SCIENCES ÉCONOMIQUES ET SOCIALES,HISTOIRE-GÉOGRAPHIE ( HGGSP ),HISTOIRE-GÉOGRAPHIE ( HGGSP ),FRANÇAIS,JOURNALISME
ECONOMIE ET SOCIALE (ÉQUIVALENT),ASSEZ-BIEN,SCIENCES POLITIQUES,LONGUES (>= MASTER),DROIT ET SCIENCES POLITIQUES,CLASSE PRÉPARATOIRE,FRANCE,18-21,MASCULIN,LICENCE,PRÉSENTIEL,OUI,MATHÉMATIQUES,SCIENCES ÉCONOMIQUES ET SOCIALES,SCIENCES ÉCONOMIQUES ET SOCIALES,NON RENSEIGNÉ,NON RENSEIGNÉ
SCIENTIFIQUE (ÉQUIVALENT),BIEN,HISTOIRE,LONGUES (>= MASTER),SCIENCES HUMAINES ET SOCIALES,UNIVERSITÉ,FRANCE,12-17,FÉMININ,LICENCE,HYBRIDES,OUI,PHYSIQUE-CHIMIE (PC),SCIENCES DE LA VIE ET DE LA TERRE (SVT),HISTOIRE-GÉOGRAPHIE ( HGGSP ),ÉDUCATION PHYSIQUE ET SPORTIVE,ENSEIGNEMENT
TECHNIQUE (ÉQUIVALENT),BIEN,INFORMATIQUE,LONGUES (>= MASTER),SCIENCES ET TECHNOLOGIES,DUT,FRANCE,18-21,MASCULIN,MASTER,HYBRIDES,OUI,NUMÉRIQUES ET SCIENCES INFORMATIQUES,PAS DE SPÉ,SCIENCES NUMÉRIQUES ET TECHNOLOGIE,NON RENSEIGNÉ,ENSEIGNEMENT
ECONOMIE ET SOCIALE (ÉQUIVALENT),BIEN,SCIENCES POLITIQUES,LONGUES (>= MASTER),DROIT ET SCIENCES POLITIQUES,UNIVERSITÉ,FRANCE,12-17,MASCULIN,LICENCE,PRÉSENTIEL,OUI,MATHÉMATIQUES,SCIENCES ÉCONOMIQUES ET SOCIALES,PHILOSOPHIE,HISTOIRE-GÉOGRAPHIE ( HGGSP ),HAUT FONCTIONNAIRE
ECONOMIE ET SOCIALE (ÉQUIVALENT),ASSEZ-BIEN,SCIENCES POLITIQUES,LONGUES (>= MASTER),SCIENCES HUMAINES ET SOCIALES,UNIVERSITÉ,FRANCE,12-17,MASCULIN,LICENCE,PRÉSENTIEL,OUI,MATHÉMATIQUES,SCIENCES ÉCONOMIQUES ET SOCIALES,HISTOIRE-GÉOGRAPHIE ( HGGSP ),NON RENSEIGNÉ,NON RENSEIGNÉ
SCIENTIFIQUE (ÉQUIVALENT),TRÈS-BIEN,LITTÉRAIRE,LONGUES (>= MASTER),"LETTRES, LANGUES ET ART",CLASSE PRÉPARATOIRE,FRANCE,12-17,FÉMININ,LICENCE,PRÉSENTIEL,OUI,MATHÉMATIQUES,PHYSIQUE-CHIMIE (PC),MATHÉMATIQUES,PHYSIQUE-CHIMIE (PC),NON RENSEIGNÉ
SCIENTIFIQUE (ÉQUIVALENT),ASSEZ-BIEN,ECONOMIE ET GESTION,LONGUES (>= MASTER),ECONOMIE ET GESTION,UNIVERSITÉ,NIGER,18-21,FÉMININ,MASTER,LIGNE,OUI,SCIENCES DE LA VIE ET DE LA TERRE (SVT),PAS DE SPÉ,SCIENCES DE LA VIE ET DE LA TERRE (SVT),NON RENSEIGNÉ,NON RENSEIGNÉ
SCIENTIFIQUE (ÉQUIVALENT),BIEN,INFORMATIQUE,LONGUES (>= MASTER),SCIENCES ET TECHNOLOGIES,CLASSE PRÉPARATOIRE,NIGER,18-21,MASCULIN,MASTER,HYBRIDES,OUI,MATHÉMATIQUES,PHYSIQUE-CHIMIE (PC),MATHÉMATIQUES,PHYSIQUE-CHIMIE (PC),DÉVELOPPEMENT DE LOGICIELS
SCIENTIFIQUE (ÉQUIVALENT),PASSABLE,SCIENCES DE LA TERRE,LONGUES (>= MASTER),SCIENCES ET TECHNOLOGIES,UNIVERSITÉ,NIGER,22-25,MASCULIN,MASTER,PRÉSENTIEL,OUI,SCIENCES DE LA VIE ET DE LA TERRE (SVT),PAS DE SPÉ,SCIENCES DE LA VIE ET DE LA TERRE (SVT),NON RENSEIGNÉ,NON RENSEIGNÉ
ECONOMIE ET SOCIALE (ÉQUIVALENT),BIEN,HISTOIRE,LONGUES (>= MASTER),SCIENCES HUMAINES ET SOCIALES,UNIVERSITÉ,FRANCE,12-17,FÉMININ,LICENCE,PRÉSENTIEL,OUI,SCIENCES ÉCONOMIQUES ET SOCIALES,HISTOIRE-GÉOGRAPHIE ( HGGSP ),HISTOIRE-GÉOGRAPHIE ( HGGSP ),SCIENCES ÉCONOMIQUES ET SOCIALES,NON RENSEIGNÉ
SCIENTIFIQUE (ÉQUIVALENT),ASSEZ-BIEN,SCIENCES POLITIQUES,LONGUES (>= MASTER),DROIT ET SCIENCES POLITIQUES,UNIVERSITÉ,FRANCE,12-17,MASCULIN,BAC,PRÉSENTIEL,OUI,MATHÉMATIQUES,PHYSIQUE-CHIMIE (PC),MATHÉMATIQUES,HISTOIRE-GÉOGRAPHIE ( HGGSP ),SCIENCES SOCIALES
SCIENTIFIQUE (ÉQUIVALENT),BIEN,INGÉNIEUR EN AÉROSPATIALE,LONGUES (>= MASTER),SCIENCES ET TECHNOLOGIES,GRANDE ÉCOLE / ÉCOLE D'INGÉNIEURE,FRANCE,12-17,MASCULIN,INGÉNIEUR,PRÉSENTIEL,OUI,MATHÉMATIQUES,PHYSIQUE-CHIMIE (PC),MATHÉMATIQUES,NON RENSEIGNÉ,INGÉNIEUR EN AÉROSPATIALE
SCIENTIFIQUE (ÉQUIVALENT),ASSEZ-BIEN,INFORMATIQUE,LONGUES (>= MASTER),SCIENCES ET TECHNOLOGIES,GRANDE ÉCOLE / ÉCOLE D'INGÉNIEURE,FRANCE,12-17,MASCULIN,MASTER,HYBRIDES,OUI,MATHÉMATIQUES,PHYSIQUE-CHIMIE (PC),MATHÉMATIQUES,LANGUES ÉTRANGÈRES,INFORMATIQUE
ECONOMIE ET SOCIALE (ÉQUIVALENT),TRÈS-BIEN,SCIENCES POLITIQUES,LONGUES (>= MASTER),SCIENCES HUMAINES ET SOCIALES,UNIVERSITÉ,FRANCE,12-17,FÉMININ,BAC,PRÉSENTIEL,NON,SCIENCES ÉCONOMIQUES ET SOCIALES,HISTOIRE-GÉOGRAPHIE ( HGGSP ),FRANÇAIS,SCIENCES ÉCONOMIQUES ET SOCIALES,NON RENSEIGNÉ
TECHNIQUE (ÉQUIVALENT),BIEN,PREPA ECT,LONGUES (>= MASTER),ECONOMIE ET GESTION,DUT,FRANCE,18-21,FÉMININ,BAC,HYBRIDES,NON,SCIENCES ÉCONOMIQUES ET SOCIALES,PAS DE SPÉ,HISTOIRE-GÉOGRAPHIE ( HGGSP ),LANGUES ÉTRANGÈRES,NON RENSEIGNÉ
ECONOMIE ET SOCIALE (ÉQUIVALENT),TRÈS-BIEN,SCIENCES POLITIQUES,LONGUES (>= MASTER),DROIT ET SCIENCES POLITIQUES,UNIVERSITÉ,FRANCE,18-21,FÉMININ,LICENCE,PRÉSENTIEL,OUI,SCIENCES ÉCONOMIQUES ET SOCIALES,HISTOIRE-GÉOGRAPHIE ( HGGSP ),HISTOIRE-GÉOGRAPHIE ( HGGSP ),FRANÇAIS,REPRÉSENTATION POLITIQUE
SCIENTIFIQUE (ÉQUIVALENT),BIEN,SCIENCES DE L'INGENIEUR,LONGUES (>= MASTER),SCIENCES ET TECHNOLOGIES,CLASSE PRÉPARATOIRE,FRANCE,12-17,MASCULIN,MASTER,PRÉSENTIEL,OUI,MATHÉMATIQUES,PHYSIQUE-CHIMIE (PC),PHYSIQUE-CHIMIE (PC),SCIENCES DE LA VIE ET DE LA TERRE (SVT),SYSTÈMES EMBARQUÉS
ECONOMIE ET SOCIALE (ÉQUIVALENT),PASSABLE,WEB DESIGN,COURTES ( < MASTER),ARTS,ECOLE PRIVÉE,FRANCE,12-17,MASCULIN,LICENCE,PRÉSENTIEL,OUI,SCIENCES ÉCONOMIQUES ET SOCIALES,PAS DE SPÉ,LANGUES ÉTRANGÈRES,NON RENSEIGNÉ,ART
LITTÉRAIRE (ÉQUIVALENT),BIEN,SCIENCES POLTIQUES,LONGUES (>= MASTER),DROIT ET SCIENCES POLITIQUES,UNIVERSITÉ,FRANCE,18-21,FÉMININ,LICENCE,PRÉSENTIEL,OUI,HISTOIRE-GÉOGRAPHIE ( HGGSP ),HUMANITÉS,LANGUES ÉTRANGÈRES,HISTOIRE-GÉOGRAPHIE ( HGGSP ),NON RENSEIGNÉ
ECONOMIE ET SOCIALE (ÉQUIVALENT),BIEN,SCIENCES POLITIQUES,LONGUES (>= MASTER),DROIT ET SCIENCES POLITIQUES,ECOLE PRIVÉE,FRANCE,18-21,FÉMININ,LICENCE,HYBRIDES,OUI,SCIENCES ÉCONOMIQUES ET SOCIALES,HISTOIRE-GÉOGRAPHIE ( HGGSP ),PHILOSOPHIE,HISTOIRE-GÉOGRAPHIE ( HGGSP ),SCIENCES SOCIALES
SCIENTIFIQUE (ÉQUIVALENT),PASSABLE,MIASHS,LONGUES (>= MASTER),SCIENCES ET TECHNOLOGIES,UNIVERSITÉ,FRANCE,12-17,MASCULIN,MASTER,PRÉSENTIEL,OUI,MATHÉMATIQUES,PAS DE SPÉ,MATHÉMATIQUES,NON RENSEIGNÉ,ÉCOLOGIE
LITTÉRAIRE (ÉQUIVALENT),TRÈS-BIEN,ARTS,COURTES ( < MASTER),ARTS,UNIVERSITÉ,FRANCE,12-17,FÉMININ,BAC,HYBRIDES,OUI,SCIENCES ÉCONOMIQUES ET SOCIALES,ARTS,ART,NON RENSEIGNÉ,CINÉMA
SCIENTIFIQUE (ÉQUIVALENT),PASSABLE,Internet of Things(IOT),LONGUES (>= MASTER),SCIENCES ET TECHNOLOGIES,UNIVERSITÉ,FRANCE,18-21,MASCULIN,MASTER,PRÉSENTIEL,OUI,MATHÉMATIQUES,PAS DE SPÉ,SCIENCES NUMÉRIQUES ET TECHNOLOGIE,NON RENSEIGNÉ,CYBER SECURITY
LITTÉRAIRE (ÉQUIVALENT),BIEN,HISTOIRE,LONGUES (>= MASTER),SCIENCES HUMAINES ET SOCIALES,UNIVERSITÉ,FRANCE,18-21,MASCULIN,LICENCE,PRÉSENTIEL,NON,HISTOIRE-GÉOGRAPHIE ( HGGSP ),LANGUES,HISTOIRE-GÉOGRAPHIE ( HGGSP ),LANGUES ÉTRANGÈRES,NON RENSEIGNÉ
SCIENTIFIQUE (ÉQUIVALENT),TRÈS-BIEN,HISTOIRE,LONGUES (>= MASTER),SCIENCES HUMAINES ET SOCIALES,UNIVERSITÉ,FRANCE,12-17,MASCULIN,LICENCE,PRÉSENTIEL,OUI,HISTOIRE-GÉOGRAPHIE ( HGGSP ),PAS DE SPÉ,HISTOIRE-GÉOGRAPHIE ( HGGSP ),NON RENSEIGNÉ,ENSEIGNEMENT
SCIENTIFIQUE (ÉQUIVALENT),PASSABLE,CHIMIE,LONGUES (>= MASTER),SCIENCES ET TECHNOLOGIES,DUT,FRANCE,12-17,MASCULIN,LICENCE,PRÉSENTIEL,NON,PHYSIQUE-CHIMIE (PC),SCIENCES DE L'INGÉNIEUR,PHYSIQUE-CHIMIE (PC),NON RENSEIGNÉ,PROCÉDÉ
SCIENTIFIQUE (ÉQUIVALENT),BIEN,INFORMATIQUE,LONGUES (>= MASTER),SCIENCES ET TECHNOLOGIES,CLASSE PRÉPARATOIRE,FRANCE,18-21,FÉMININ,INGÉNIEUR,PRÉSENTIEL,OUI,PHYSIQUE-CHIMIE (PC),PAS DE SPÉ,MATHÉMATIQUES,PHYSIQUE-CHIMIE (PC),DÉVELOPPEMENT DE LOGICIELS
LITTÉRAIRE (ÉQUIVALENT),ASSEZ-BIEN,SCIENCES POLITIQUES,LONGUES (>= MASTER),DROIT ET SCIENCES POLITIQUES,UNIVERSITÉ,FRANCE,18-21,FÉMININ,LICENCE,PRÉSENTIEL,OUI,SCIENCES ÉCONOMIQUES ET SOCIALES,HISTOIRE-GÉOGRAPHIE ( HGGSP ),LANGUES ÉTRANGÈRES,HISTOIRE-GÉOGRAPHIE ( HGGSP ),NON RENSEIGNÉ
ECONOMIE ET SOCIALE (ÉQUIVALENT),TRÈS-BIEN,SCIENCES POLITIQUES,LONGUES (>= MASTER),DROIT ET SCIENCES POLITIQUES,UNIVERSITÉ,FRANCE,12-17,FÉMININ,LICENCE,PRÉSENTIEL,OUI,MATHÉMATIQUES,SCIENCES ÉCONOMIQUES ET SOCIALES,HISTOIRE-GÉOGRAPHIE ( HGGSP ),FRANÇAIS,JOURNALISME
SCIENTIFIQUE (ÉQUIVALENT),PASSABLE,PHYSIQUE-CHIMIE,LONGUES (>= MASTER),SCIENCES ET TECHNOLOGIES,UNIVERSITÉ,FRANCE,12-17,MASCULIN,MASTER,HYBRIDES,OUI,PHYSIQUE-CHIMIE (PC),PAS DE SPÉ,SCIENCES DE LA VIE ET DE LA TERRE (SVT),NON RENSEIGNÉ,NON RENSEIGNÉ
SCIENTIFIQUE (ÉQUIVALENT),TRÈS-BIEN,PREPA PTSI,LONGUES (>= MASTER),SCIENCES ET TECHNOLOGIES,CLASSE PRÉPARATOIRE,FRANCE,12-17,MASCULIN,MASTER,PRÉSENTIEL,OUI,MATHÉMATIQUES,PHYSIQUE-CHIMIE (PC),MATHÉMATIQUES,PHYSIQUE-CHIMIE (PC),NON RENSEIGNÉ
SCIENTIFIQUE (ÉQUIVALENT),BIEN,DÉVELOPPEMENT WEB,COURTES ( < MASTER),SCIENCES ET TECHNOLOGIES,DUT,FRANCE,12-17,MASCULIN,MASTER,PRÉSENTIEL,OUI,SCIENCES DE LA VIE ET DE LA TERRE (SVT),NUMÉRIQUES ET SCIENCES INFORMATIQUES,MATHÉMATIQUES,SCIENCES DE LA VIE ET DE LA TERRE (SVT),DÉVELOPPEMENT DE LOGICIELS
LITTÉRAIRE (ÉQUIVALENT),PASSABLE,ÉTUDES THÉÂTRALES,COURTES ( < MASTER),ARTS,UNIVERSITÉ,FRANCE,12-17,MASCULIN,LICENCE,PRÉSENTIEL,OUI,MATHÉMATIQUES,HUMANITÉS,ART,FRANÇAIS,COMÉDIEN
ECONOMIE ET SOCIALE (ÉQUIVALENT),ASSEZ-BIEN,SCIENCES POLITIQUES,LONGUES (>= MASTER),SCIENCES HUMAINES ET SOCIALES,UNIVERSITÉ,FRANCE,18-21,FÉMININ,LICENCE,LIGNE,OUI,MATHÉMATIQUES,SCIENCES ÉCONOMIQUES ET SOCIALES,SCIENCES ÉCONOMIQUES ET SOCIALES,NON RENSEIGNÉ,NON RENSEIGNÉ
SCIENTIFIQUE (ÉQUIVALENT),ASSEZ-BIEN,BIOLOGIE,LONGUES (>= MASTER),SCIENCES DE LA VIE ET DE LA SANTÉ,UNIVERSITÉ,FRANCE,12-17,FÉMININ,LICENCE,PRÉSENTIEL,OUI,MATHÉMATIQUES,PAS DE SPÉ,MATHÉMATIQUES,SCIENCES DE LA VIE ET DE LA TERRE (SVT),CINEMA
ECONOMIE ET SOCIALE (ÉQUIVALENT),ASSEZ-BIEN,SCIENCES POLITIQUES,LONGUES (>= MASTER),DROIT ET SCIENCES POLITIQUES,UNIVERSITÉ,FRANCE,18-21,FÉMININ,LICENCE,PRÉSENTIEL,OUI,SCIENCES ÉCONOMIQUES ET SOCIALES,HISTOIRE-GÉOGRAPHIE ( HGGSP ),LANGUES ÉTRANGÈRES,HISTOIRE-GÉOGRAPHIE ( HGGSP ),NON RENSEIGNÉ
ECONOMIE ET SOCIALE (ÉQUIVALENT),BIEN,SCIENCES POLITIQUES,COURTES ( < MASTER),DROIT ET SCIENCES POLITIQUES,UNIVERSITÉ,FRANCE,18-21,FÉMININ,LICENCE,PRÉSENTIEL,NON,SCIENCES ÉCONOMIQUES ET SOCIALES,HISTOIRE-GÉOGRAPHIE ( HGGSP ),SCIENCES ÉCONOMIQUES ET SOCIALES,HISTOIRE-GÉOGRAPHIE ( HGGSP ),JOURNALISTE
LITTÉRAIRE (ÉQUIVALENT),TRÈS-BIEN,HISTOIRE,LONGUES (>= MASTER),"LETTRES, LANGUES ET ART",UNIVERSITÉ,FRANCE,12-17,FÉMININ,LICENCE,PRÉSENTIEL,OUI,PAS DE SPÉ,PAS DE SPÉ,HISTOIRE-GÉOGRAPHIE ( HGGSP ),NON RENSEIGNÉ,SECTEURS DU PATRIMOINE
ECONOMIE ET SOCIALE (ÉQUIVALENT),BIEN,SCIENCES POLITIQUES,LONGUES (>= MASTER),SCIENCES HUMAINES ET SOCIALES,UNIVERSITÉ,FRANCE,12-17,FÉMININ,LICENCE,LIGNE,NON,SCIENCES ÉCONOMIQUES ET SOCIALES,HISTOIRE-GÉOGRAPHIE ( HGGSP ),PHYSIQUE-CHIMIE (PC),SCIENCES DE LA VIE ET DE LA TERRE (SVT),NON RENSEIGNÉ
SCIENTIFIQUE (ÉQUIVALENT),BIEN,SCIENCES POLITIQUES,LONGUES (>= MASTER),SCIENCES HUMAINES ET SOCIALES,UNIVERSITÉ,FRANCE,12-17,FÉMININ,LICENCE,PRÉSENTIEL,OUI,MATHÉMATIQUES,SCIENCES DE LA VIE ET DE LA TERRE (SVT),HISTOIRE-GÉOGRAPHIE ( HGGSP ),NON RENSEIGNÉ,NON RENSEIGNÉ
LITTÉRAIRE (ÉQUIVALENT),BIEN,SCIENCES POLITIQUES,LONGUES (>= MASTER),DROIT ET SCIENCES POLITIQUES,UNIVERSITÉ,FRANCE,12-17,FÉMININ,LICENCE,HYBRIDES,OUI,SCIENCES ÉCONOMIQUES ET SOCIALES,LANGUES,HISTOIRE-GÉOGRAPHIE ( HGGSP ),LANGUES ÉTRANGÈRES,NON RENSEIGNÉ
SCIENTIFIQUE (ÉQUIVALENT),TRÈS-BIEN,INFORMATIQUE,LONGUES (>= MASTER),SCIENCES ET TECHNOLOGIES,UNIVERSITÉ,MAROC,12-17,MASCULIN,MASTER,PRÉSENTIEL,OUI,PHYSIQUE-CHIMIE (PC),PAS DE SPÉ,PHYSIQUE-CHIMIE (PC),NON RENSEIGNÉ,DATA ANALYST
LITTÉRAIRE (ÉQUIVALENT),ASSEZ-BIEN,DROIT,LONGUES (>= MASTER),DROIT ET SCIENCES POLITIQUES,UNIVERSITÉ,SÉNÉGAL,22-25,FÉMININ,LICENCE,PRÉSENTIEL,OUI,PHYSIQUE-CHIMIE (PC),SCIENCES ÉCONOMIQUES ET SOCIALES,SCIENCES DE LA VIE ET DE LA TERRE (SVT),PHILOSOPHIE,DROIT IMMOBILIER
ECONOMIE ET SOCIALE (ÉQUIVALENT),PASSABLE,INFORMATIQUE,LONGUES (>= MASTER),SCIENCES ET TECHNOLOGIES,UNIVERSITÉ,FRANCE,12-17,MASCULIN,MASTER,PRÉSENTIEL,OUI,MATHÉMATIQUES,PAS DE SPÉ,MATHÉMATIQUES,PHYSIQUE-CHIMIE (PC),BANQUE
SCIENTIFIQUE (ÉQUIVALENT),ASSEZ-BIEN,MIASHS,LONGUES (>= MASTER),SCIENCES ET TECHNOLOGIES,UNIVERSITÉ,NIGER,12-17,FÉMININ,MASTER,PRÉSENTIEL,OUI,MATHÉMATIQUES,PHYSIQUE-CHIMIE (PC),MATHÉMATIQUES,PHYSIQUE-CHIMIE (PC),DOMAINE DE LA DATA
LITTÉRAIRE (ÉQUIVALENT),PASSABLE,ENVIRONNEMENT ET DURABILITÉ,COURTES ( < MASTER),SCIENCES DE LA VIE ET DE LA SANTÉ,UNIVERSITÉ,NIGER,18-21,FÉMININ,BAC,LIGNE,OUI,SCIENCES HUMAINES,LITTÉRATURE ET PHILOSOPHIE,LANGUES ÉTRANGÈRES,NON RENSEIGNÉ,NON RENSEIGNÉ
SCIENTIFIQUE (ÉQUIVALENT),ASSEZ-BIEN,COMPTABILITÉ ET GESTION,LONGUES (>= MASTER),ECONOMIE ET GESTION,UNIVERSITÉ,TOGO,18-21,MASCULIN,LICENCE,PRÉSENTIEL,OUI,NUMÉRIQUES ET SCIENCES INFORMATIQUES,PAS DE SPÉ,SCIENCES DE LA VIE ET DE LA TERRE (SVT),NON RENSEIGNÉ,COMPTABILITÉ
SCIENTIFIQUE (ÉQUIVALENT),ASSEZ-BIEN,ECONOMIE ET GESTION,LONGUES (>= MASTER),ECONOMIE ET GESTION,UNIVERSITÉ,NIGER,12-17,FÉMININ,MASTER,PRÉSENTIEL,OUI,SCIENCES ÉCONOMIQUES ET SOCIALES,PAS DE SPÉ,MATHÉMATIQUES,SCIENCES ÉCONOMIQUES ET SOCIALES,DOMAINE DE LA DATA
SCIENTIFIQUE (ÉQUIVALENT),BIEN,INFORMATIQUE ÉLECTRONIQUE,COURTES ( < MASTER),SCIENCES ET TECHNOLOGIES,ECOLE PRIVÉE,TOGO,18-21,MASCULIN,BAC,PRÉSENTIEL,OUI,MATHÉMATIQUES,PHYSIQUE-CHIMIE (PC),MATHÉMATIQUES,PHYSIQUE-CHIMIE (PC),NON RENSEIGNÉ
SCIENTIFIQUE (ÉQUIVALENT),PASSABLE,SIAD,LONGUES (>= MASTER),ECONOMIE ET GESTION,CLASSE PRÉPARATOIRE,SÉNÉGAL,18-21,MASCULIN,MASTER,PRÉSENTIEL,OUI,MATHÉMATIQUES,PHYSIQUE-CHIMIE (PC),MATHÉMATIQUES,NON RENSEIGNÉ,BANQUE
SCIENTIFIQUE (ÉQUIVALENT),PASSABLE,MIASHS,LONGUES (>= MASTER),SCIENCES ET TECHNOLOGIES,UNIVERSITÉ,TOGO,18-21,MASCULIN,DOCTORAT,HYBRIDES,OUI,NUMÉRIQUES ET SCIENCES INFORMATIQUES,PAS DE SPÉ,SCIENCES NUMÉRIQUES ET TECHNOLOGIE,NON RENSEIGNÉ,DÉVELOPPEMENT DE LOGICIELS
SCIENTIFIQUE (ÉQUIVALENT),PASSABLE,MATHÉMATIQUES,LONGUES (>= MASTER),SCIENCES ET TECHNOLOGIES,CLASSE PRÉPARATOIRE,NIGER,18-21,MASCULIN,MASTER,PRÉSENTIEL,OUI,MATHÉMATIQUES,PAS DE SPÉ,MATHÉMATIQUES,PHYSIQUE-CHIMIE (PC),TRAITEMENTS DE DONNÉES
SCIENTIFIQUE (ÉQUIVALENT),BIEN,ÉLECTRONIQUE ET TÉLÉCOMMUNICATIONS,LONGUES (>= MASTER),SCIENCES ET TECHNOLOGIES,UNIVERSITÉ,NIGER,18-21,MASCULIN,DOCTORAT,PRÉSENTIEL,OUI,MATHÉMATIQUES,PHYSIQUE-CHIMIE (PC),MATHÉMATIQUES,PHYSIQUE-CHIMIE (PC),NANOTECHNOLOGIES
SCIENTIFIQUE (ÉQUIVALENT),ASSEZ-BIEN,GENIE ELECTRIQUE,LONGUES (>= MASTER),SCIENCES ET TECHNOLOGIES,UNIVERSITÉ,NIGER,18-21,MASCULIN,MASTER,PRÉSENTIEL,OUI,SCIENCES DE L'INGÉNIEUR,PAS DE SPÉ,MATHÉMATIQUES,PHYSIQUE-CHIMIE (PC),TECHNIQUE
SCIENTIFIQUE (ÉQUIVALENT),BIEN,ANESTHÉSIE RÉANIMATION,LONGUES (>= MASTER),SCIENCES ET TECHNOLOGIES,UNIVERSITÉ,TOGO,12-17,MASCULIN,BAC,PRÉSENTIEL,OUI,SCIENCES DE L'INGÉNIEUR,PAS DE SPÉ,MATHÉMATIQUES,PHYSIQUE-CHIMIE (PC),NON RENSEIGNÉ
SCIENTIFIQUE (ÉQUIVALENT),ASSEZ-BIEN,MANAGEMENT DES ORGANISATIONS,COURTES ( < MASTER),ECONOMIE ET GESTION,ECOLE PRIVÉE,TOGO,18-21,FÉMININ,LICENCE,PRÉSENTIEL,OUI,MATHÉMATIQUES,PHYSIQUE-CHIMIE (PC),SCIENCES DE LA VIE ET DE LA TERRE (SVT),HISTOIRE-GÉOGRAPHIE ( HGGSP ),NON RENSEIGNÉ
SCIENTIFIQUE (ÉQUIVALENT),PASSABLE,INFIRMERIE,LONGUES (>= MASTER),SCIENCES DE LA VIE ET DE LA SANTÉ,CLASSE PRÉPARATOIRE,TOGO,18-21,FÉMININ,BAC,PRÉSENTIEL,OUI,MATHÉMATIQUES,PHYSIQUE-CHIMIE (PC),PHYSIQUE-CHIMIE (PC),SCIENCES DE LA VIE ET DE LA TERRE (SVT),INFIRMERIE
SCIENTIFIQUE (ÉQUIVALENT),PASSABLE,MIASHS,LONGUES (>= MASTER),SCIENCES ET TECHNOLOGIES,UNIVERSITÉ,SÉNÉGAL,18-21,MASCULIN,MASTER,PRÉSENTIEL,OUI,MATHÉMATIQUES,PHYSIQUE-CHIMIE (PC),FRANÇAIS,HISTOIRE-GÉOGRAPHIE ( HGGSP ),DATA ANALYST
SCIENTIFIQUE (ÉQUIVALENT),ASSEZ-BIEN,MÉDECINE,COURTES ( < MASTER),SCIENCES DE LA VIE ET DE LA SANTÉ,ECOLE PRIVÉE,TOGO,18-21,FÉMININ,BAC,PRÉSENTIEL,OUI,MATHÉMATIQUES,PHYSIQUE-CHIMIE (PC),MATHÉMATIQUES,HISTOIRE-GÉOGRAPHIE ( HGGSP ),NON RENSEIGNÉ
SCIENTIFIQUE (ÉQUIVALENT),PASSABLE,ADMINISTRATION ECONOMIQUE ET SOCIALE,LONGUES (>= MASTER),SCIENCES HUMAINES ET SOCIALES,UNIVERSITÉ,NIGER,12-17,FÉMININ,LICENCE,PRÉSENTIEL,OUI,MATHÉMATIQUES,PHYSIQUE-CHIMIE (PC),MATHÉMATIQUES,FRANÇAIS,ÉDITION
LITTÉRAIRE (ÉQUIVALENT),PASSABLE,MÉDECINE,LONGUES (>= MASTER),SCIENCES DE LA VIE ET DE LA SANTÉ,ECOLE PRIVÉE,TOGO,18-21,FÉMININ,BAC,PRÉSENTIEL,OUI,PHYSIQUE-CHIMIE (PC),SCIENCES DE LA VIE ET DE LA TERRE (SVT),SCIENCES DE LA VIE ET DE LA TERRE (SVT),HISTOIRE-GÉOGRAPHIE ( HGGSP ),SANTE
TECHNIQUE (ÉQUIVALENT),PASSABLE,ECONOMIE ET GESTION,LONGUES (>= MASTER),ECONOMIE ET GESTION,ECOLE DE COMMERCE,TOGO,22-25,FÉMININ,MASTER,LIGNE,OUI,SCIENCES ÉCONOMIQUES ET SOCIALES,PAS DE SPÉ,FRANÇAIS,SCIENCES ÉCONOMIQUES ET SOCIALES,NON RENSEIGNÉ
LITTÉRAIRE (ÉQUIVALENT),ASSEZ-BIEN,LANGUES,COURTES ( < MASTER),"LETTRES, LANGUES ET ART",ECOLE DE COMMERCE,TOGO,18-21,MASCULIN,BAC,PRÉSENTIEL,OUI,PHYSIQUE-CHIMIE (PC),HISTOIRE-GÉOGRAPHIE ( HGGSP ),PHYSIQUE-CHIMIE (PC),PHILOSOPHIE,NON RENSEIGNÉ
SCIENTIFIQUE (ÉQUIVALENT),TRÈS-BIEN,MIASHS,LONGUES (>= MASTER),SCIENCES ET TECHNOLOGIES,UNIVERSITÉ,NIGER,18-21,FÉMININ,MASTER,HYBRIDES,OUI,MATHÉMATIQUES,PHYSIQUE-CHIMIE (PC),MATHÉMATIQUES,PHYSIQUE-CHIMIE (PC),NON RENSEIGNÉ
LITTÉRAIRE (ÉQUIVALENT),PASSABLE,COMMERCE,COURTES ( < MASTER),ECONOMIE ET GESTION,UNIVERSITÉ,TOGO,18-21,FÉMININ,LICENCE,PRÉSENTIEL,NON,LITTÉRATURE ET PHILOSOPHIE,LITTÉRATURES ET CULTURES ÉTRANGÈRES,LANGUES ÉTRANGÈRES,NON RENSEIGNÉ,NON RENSEIGNÉ
TECHNIQUE (ÉQUIVALENT),ASSEZ-BIEN,RESSOURCES HUMAINES,LONGUES (>= MASTER),SCIENCES HUMAINES ET SOCIALES,UNIVERSITÉ,FRANCE,18-21,MASCULIN,MASTER,HYBRIDES,OUI,SCIENCES HUMAINES,PAS DE SPÉ,HISTOIRE-GÉOGRAPHIE ( HGGSP ),FRANÇAIS,NON RENSEIGNÉ
ECONOMIE ET SOCIALE (ÉQUIVALENT),PASSABLE,MIASHS,LONGUES (>= MASTER),SCIENCES ET TECHNOLOGIES,UNIVERSITÉ,FRANCE,22-25,MASCULIN,MASTER,PRÉSENTIEL,OUI,MATHÉMATIQUES,PAS DE SPÉ,MATHÉMATIQUES,SCIENCES ÉCONOMIQUES ET SOCIALES,NON RENSEIGNÉ
ECONOMIE ET SOCIALE (ÉQUIVALENT),PASSABLE,MIASHS,LONGUES (>= MASTER),SCIENCES ET TECHNOLOGIES,UNIVERSITÉ,FRANCE,22-25,MASCULIN,MASTER,PRÉSENTIEL,OUI,MATHÉMATIQUES,PAS DE SPÉ,MATHÉMATIQUES,SCIENCES NUMÉRIQUES ET TECHNOLOGIE,NON RENSEIGNÉ
SCIENTIFIQUE (ÉQUIVALENT),PASSABLE,SIAD,LONGUES (>= MASTER),SCIENCES HUMAINES ET SOCIALES,UNIVERSITÉ,SÉNÉGAL,18-21,FÉMININ,MASTER,PRÉSENTIEL,OUI,MATHÉMATIQUES,PAS DE SPÉ,SCIENCES ÉCONOMIQUES ET SOCIALES,NON RENSEIGNÉ,DOMAINE DE LA DATA
SCIENTIFIQUE (ÉQUIVALENT),PASSABLE,MIASHS,LONGUES (>= MASTER),SCIENCES ET TECHNOLOGIES,UNIVERSITÉ,FRANCE,22-25,MASCULIN,MASTER,PRÉSENTIEL,OUI,MATHÉMATIQUES,SCIENCES ÉCONOMIQUES ET SOCIALES,MATHÉMATIQUES,SCIENCES NUMÉRIQUES ET TECHNOLOGIE,DOMAINE DE LA DATA
SCIENTIFIQUE (ÉQUIVALENT),PASSABLE,MIASHS,LONGUES (>= MASTER),SCIENCES ET TECHNOLOGIES,UNIVERSITÉ,FRANCE,22-25,MASCULIN,MASTER,PRÉSENTIEL,OUI,SCIENCES DE LA VIE ET DE LA TERRE (SVT),PAS DE SPÉ,HISTOIRE-GÉOGRAPHIE ( HGGSP ),ÉDUCATION PHYSIQUE ET SPORTIVE,DATA ANALYSE
SCIENTIFIQUE (ÉQUIVALENT),BIEN,INFORMATIQUE,COURTES ( < MASTER),SCIENCES HUMAINES ET SOCIALES,ECOLE PRIVÉE,AFRIQUE,18-21,FÉMININ,MASTER,PRÉSENTIEL,OUI,MATHÉMATIQUES,PAS DE SPÉ,MATHÉMATIQUES,SCIENCES DE LA VIE ET DE LA TERRE (SVT),NON RENSEIGNÉ
LITTÉRAIRE (ÉQUIVALENT),PASSABLE,MUSICOLOGIE,LONGUES (>= MASTER),"LETTRES, LANGUES ET ART",UNIVERSITÉ,FRANCE,18-21,FÉMININ,LICENCE,PRÉSENTIEL,OUI,SCIENCES ÉCONOMIQUES ET SOCIALES,HISTOIRE-GÉOGRAPHIE ( HGGSP ),HISTOIRE-GÉOGRAPHIE ( HGGSP ),FRANÇAIS,NON RENSEIGNÉ
LITTÉRAIRE (ÉQUIVALENT),PASSABLE,ANGLAIS,LONGUES (>= MASTER),"LETTRES, LANGUES ET ART",UNIVERSITÉ,FRANCE,18-21,FÉMININ,BAC,PRÉSENTIEL,OUI,MATHÉMATIQUES,SCIENCES ÉCONOMIQUES ET SOCIALES,LANGUES ÉTRANGÈRES,NON RENSEIGNÉ,TRADUCTION
LITTÉRAIRE (ÉQUIVALENT),TRÈS-BIEN,MUSICOLOGIE,LONGUES (>= MASTER),ARTS,UNIVERSITÉ,FRANCE,18-21,MASCULIN,BAC,PRÉSENTIEL,OUI,MATHÉMATIQUES,HISTOIRE-GÉOGRAPHIE ( HGGSP ),HISTOIRE-GÉOGRAPHIE ( HGGSP ),ART,NON RENSEIGNÉ
LITTÉRAIRE (ÉQUIVALENT),BIEN,MUSICOLOGIE,LONGUES (>= MASTER),"LETTRES, LANGUES ET ART",UNIVERSITÉ,FRANCE,18-21,FÉMININ,LICENCE,PRÉSENTIEL,OUI,ARTS,LITTÉRATURE ET PHILOSOPHIE,LANGUES ÉTRANGÈRES,NON RENSEIGNÉ,ENSEIGNEMENT
LITTÉRAIRE (ÉQUIVALENT),BIEN,CINÉMATOGRAPHIE,LONGUES (>= MASTER),ARTS,UNIVERSITÉ,FRANCE,12-17,FÉMININ,LICENCE,PRÉSENTIEL,OUI,MATHÉMATIQUES,PHYSIQUE-CHIMIE (PC),ART,LANGUES ÉTRANGÈRES,ART
LITTÉRAIRE (ÉQUIVALENT),TRÈS-BIEN,ANGLAIS,LONGUES (>= MASTER),"LETTRES, LANGUES ET ART",UNIVERSITÉ,FRANCE,12-17,MASCULIN,LICENCE,PRÉSENTIEL,OUI,MATHÉMATIQUES,HUMANITÉS,MATHÉMATIQUES,LANGUES ÉTRANGÈRES,LOCALISATION
LITTÉRAIRE (ÉQUIVALENT),BIEN,CINÉMATOGRAPHIE,COURTES ( < MASTER),ARTS,UNIVERSITÉ,FRANCE,18-21,FÉMININ,LICENCE,PRÉSENTIEL,OUI,SCIENCES HUMAINES,LITTÉRATURE ET PHILOSOPHIE,LANGUES ÉTRANGÈRES,NON RENSEIGNÉ,SCÉNARISME
LITTÉRAIRE (ÉQUIVALENT),HONORABLE,CINÉMATOGRAPHIE,LONGUES (>= MASTER),"LETTRES, LANGUES ET ART",UNIVERSITÉ,FRANCE,12-17,MASCULIN,BAC,PRÉSENTIEL,OUI,ARTS,LITTÉRATURES ET CULTURES ÉTRANGÈRES,PHYSIQUE-CHIMIE (PC),HISTOIRE-GÉOGRAPHIE ( HGGSP ),ART
LITTÉRAIRE (ÉQUIVALENT),BIEN,CINÉMATOGRAPHIE,LONGUES (>= MASTER),ARTS,UNIVERSITÉ,FRANCE,12-17,MASCULIN,BAC,PRÉSENTIEL,OUI,HISTOIRE-GÉOGRAPHIE ( HGGSP ),HUMANITÉS,PHILOSOPHIE,HISTOIRE-GÉOGRAPHIE ( HGGSP ),RECHERCHE
SCIENTIFIQUE (ÉQUIVALENT),BIEN,INFORMATIQUE,LONGUES (>= MASTER),SCIENCES ET TECHNOLOGIES,UNIVERSITÉ,AFRIQUE,18-21,FÉMININ,MASTER,HYBRIDES,OUI,MATHÉMATIQUES,PHYSIQUE-CHIMIE (PC),MATHÉMATIQUES,SCIENCES NUMÉRIQUES ET TECHNOLOGIE,NON RENSEIGNÉ
LITTÉRAIRE (ÉQUIVALENT),ASSEZ-BIEN,ANGLAIS,LONGUES (>= MASTER),"LETTRES, LANGUES ET ART",UNIVERSITÉ,FRANCE,18-21,MASCULIN,LICENCE,HYBRIDES,NON,NUMÉRIQUES ET SCIENCES INFORMATIQUES,LITTÉRATURES ET CULTURES ÉTRANGÈRES,LANGUES ÉTRANGÈRES,NON RENSEIGNÉ,AUDIOVISUEL
SCIENTIFIQUE (ÉQUIVALENT),ASSEZ-BIEN,PHYSIQUE,LONGUES (>= MASTER),SCIENCES DE LA VIE ET DE LA SANTÉ,GRANDE ÉCOLE / ÉCOLE D'INGÉNIEURE,NIGER,18-21,MASCULIN,DOCTORAT,PRÉSENTIEL,OUI,MATHÉMATIQUES,PHYSIQUE-CHIMIE (PC),MATHÉMATIQUES,PHYSIQUE-CHIMIE (PC),DÉVELOPPEMENT DE LOGICIELS
SCIENTIFIQUE (ÉQUIVALENT),TRÈS-BIEN,MIAGE,LONGUES (>= MASTER),SCIENCES ET TECHNOLOGIES,UNIVERSITÉ,MAROC,18-21,FÉMININ,MASTER,PRÉSENTIEL,OUI,PHYSIQUE-CHIMIE (PC),PAS DE SPÉ,MATHÉMATIQUES,NON RENSEIGNÉ,GESTION DES ENTREPRISES
PROFESSIONNEL,BIEN,NUTRITION,LONGUES (>= MASTER),SCIENCES HUMAINES ET SOCIALES,ECOLE PRIVÉE,NIGER,18-21,MASCULIN,MASTER,PRÉSENTIEL,OUI,PAS DE SPÉ,PAS DE SPÉ,SCIENCES DE LA VIE ET DE LA TERRE (SVT),NON RENSEIGNÉ,MANAGEMENT AGROALIMENTAIRE
SCIENTIFIQUE (ÉQUIVALENT),ASSEZ-BIEN,SCIENCES SANITAIRES ET SOCIALES,LONGUES (>= MASTER),SCIENCES DE LA VIE ET DE LA SANTÉ,UNIVERSITÉ,FRANCE,18-21,FÉMININ,LICENCE,PRÉSENTIEL,OUI,PHYSIQUE-CHIMIE (PC),SCIENCES DE LA VIE ET DE LA TERRE (SVT),SCIENCES DE LA VIE ET DE LA TERRE (SVT),NON RENSEIGNÉ,NON RENSEIGNÉ
SCIENTIFIQUE (ÉQUIVALENT),BIEN,SCIENCES DE L'INGENIEUR,COURTES ( < MASTER),SCIENCES ET TECHNOLOGIES,UNIVERSITÉ,MAURITANIE,12-17,FÉMININ,LICENCE,PRÉSENTIEL,OUI,MATHÉMATIQUES,PHYSIQUE-CHIMIE (PC),PHYSIQUE-CHIMIE (PC),NON RENSEIGNÉ,INGÉNIERIE
SCIENTIFIQUE (ÉQUIVALENT),ASSEZ-BIEN,SCIENCES DE L'INGENIEUR,LONGUES (>= MASTER),SCIENCES ET TECHNOLOGIES,UNIVERSITÉ,FRANCE,18-21,MASCULIN,LICENCE,PRÉSENTIEL,OUI,MATHÉMATIQUES,PAS DE SPÉ,MATHÉMATIQUES,NON RENSEIGNÉ,NON RENSEIGNÉ
SCIENTIFIQUE (ÉQUIVALENT),BIEN,MPCSI,LONGUES (>= MASTER),SCIENCES ET TECHNOLOGIES,UNIVERSITÉ,FRANCE,18-21,MASCULIN,BAC,PRÉSENTIEL,OUI,MATHÉMATIQUES,PHYSIQUE-CHIMIE (PC),PHYSIQUE-CHIMIE (PC),NON RENSEIGNÉ,ASTRONOMIE
SCIENTIFIQUE (ÉQUIVALENT),ASSEZ-BIEN,ASTRONOMIE,COURTES ( < MASTER),SCIENCES ET TECHNOLOGIES,UNIVERSITÉ,SÉNÉGAL,18-21,MASCULIN,LICENCE,PRÉSENTIEL,OUI,MATHÉMATIQUES,PHYSIQUE-CHIMIE (PC),MATHÉMATIQUES,PHYSIQUE-CHIMIE (PC),NON RENSEIGNÉ
ECONOMIE ET SOCIALE (ÉQUIVALENT),BIEN,ECONOMIE ET GESTION,LONGUES (>= MASTER),ECONOMIE ET GESTION,UNIVERSITÉ,MAROC,12-17,FÉMININ,LICENCE,HYBRIDES,NON,SCIENCES ÉCONOMIQUES ET SOCIALES,PAS DE SPÉ,MATHÉMATIQUES,SCIENCES ÉCONOMIQUES ET SOCIALES,RESSOURCES HUMAINES
ECONOMIE ET SOCIALE (ÉQUIVALENT),TRÈS-BIEN,ECONOMIE ET MANAGEMENT,LONGUES (>= MASTER),ECONOMIE ET GESTION,ECOLE DE COMMERCE,MAROC,18-21,FÉMININ,LICENCE,PRÉSENTIEL,OUI,SCIENCES ÉCONOMIQUES ET SOCIALES,PAS DE SPÉ,ÉDUCATION PHYSIQUE ET SPORTIVE,LANGUES ÉTRANGÈRES,DÉVELOPPEMENT DE LOGICIELS
LITTÉRAIRE (ÉQUIVALENT),BIEN,ECONOMIE ET MANAGEMENT INERNATIONALE,LONGUES (>= MASTER),ECONOMIE ET GESTION,UNIVERSITÉ,FRANCE,22-25,MASCULIN,LICENCE,PRÉSENTIEL,OUI,SCIENCES ÉCONOMIQUES ET SOCIALES,PAS DE SPÉ,SCIENCES ÉCONOMIQUES ET SOCIALES,LANGUES ÉTRANGÈRES,VOYAGE
LITTÉRAIRE (ÉQUIVALENT),PASSABLE,ARTS PLASTIQUES,COURTES ( < MASTER),ARTS,GRANDE ÉCOLE / ÉCOLE D'INGÉNIEURE,FRANCE,18-21,FÉMININ,LICENCE,PRÉSENTIEL,OUI,LITTÉRATURE ET PHILOSOPHIE,LANGUES,SCIENCES DE LA VIE ET DE LA TERRE (SVT),ART,MUSÉE
SCIENTIFIQUE (ÉQUIVALENT),ASSEZ-BIEN,BIOLOGIE,LONGUES (>= MASTER),SCIENCES ET TECHNOLOGIES,UNIVERSITÉ,FRANCE,18-21,FÉMININ,BAC,HYBRIDES,NON,MATHÉMATIQUES,PHYSIQUE-CHIMIE (PC),SCIENCES DE LA VIE ET DE LA TERRE (SVT),FRANÇAIS,NON RENSEIGNÉ
SCIENTIFIQUE (ÉQUIVALENT),BIEN,MÉDECINE,LONGUES (>= MASTER),SCIENCES DE LA VIE ET DE LA SANTÉ,UNIVERSITÉ,FRANCE,12-17,MASCULIN,LICENCE,HYBRIDES,OUI,MATHÉMATIQUES,SCIENCES ÉCONOMIQUES ET SOCIALES,SCIENCES DE LA VIE ET DE LA TERRE (SVT),NON RENSEIGNÉ,MÉDICAL
LITTÉRAIRE (ÉQUIVALENT),PASSABLE,SOCIOLOGIE,LONGUES (>= MASTER),SCIENCES HUMAINES ET SOCIALES,UNIVERSITÉ,SÉNÉGAL,12-17,FÉMININ,LICENCE,PRÉSENTIEL,OUI,LITTÉRATURE ET PHILOSOPHIE,PAS DE SPÉ,MATHÉMATIQUES,NON RENSEIGNÉ,RESSOURCES HUMAINES
SCIENTIFIQUE (ÉQUIVALENT),PASSABLE,ECONOMIE APPLIQUÉE,COURTES ( < MASTER),ECONOMIE ET GESTION,UNIVERSITÉ,SÉNÉGAL,18-21,FÉMININ,MASTER,PRÉSENTIEL,OUI,SCIENCES ÉCONOMIQUES ET SOCIALES,PAS DE SPÉ,SCIENCES ÉCONOMIQUES ET SOCIALES,NON RENSEIGNÉ,BANQUE
LITTÉRAIRE (ÉQUIVALENT),PASSABLE,ECONOMIE ET GESTION,LONGUES (>= MASTER),ECONOMIE ET GESTION,UNIVERSITÉ,BÉNIN,12-17,FÉMININ,BAC,PRÉSENTIEL,OUI,SCIENCES ÉCONOMIQUES ET SOCIALES,PAS DE SPÉ,SCIENCES ÉCONOMIQUES ET SOCIALES,NON RENSEIGNÉ,MARKETING
ECONOMIE ET SOCIALE (ÉQUIVALENT),ASSEZ-BIEN,GEOGRAPHIE ET AMENAGEMENT,LONGUES (>= MASTER),SCIENCES HUMAINES ET SOCIALES,UNIVERSITÉ,FRANCE,12-17,MASCULIN,BAC,PRÉSENTIEL,OUI,MATHÉMATIQUES,SCIENCES ÉCONOMIQUES ET SOCIALES,SCIENCES ÉCONOMIQUES ET SOCIALES,NON RENSEIGNÉ,URBANISME
SCIENTIFIQUE (ÉQUIVALENT),TRÈS-BIEN,SCIENCES DE LA VIE,LONGUES (>= MASTER),SCIENCES DE LA VIE ET DE LA SANTÉ,UNIVERSITÉ,SUISSE,18-21,FÉMININ,BACHELOR,PRÉSENTIEL,OUI,PHYSIQUE-CHIMIE (PC),SCIENCES DE LA VIE ET DE LA TERRE (SVT),PHYSIQUE-CHIMIE (PC),SCIENCES DE LA VIE ET DE LA TERRE (SVT),RECHERCHE
SCIENTIFIQUE (ÉQUIVALENT),TRÈS-BIEN,SCIENCES DE LA VIE,LONGUES (>= MASTER),SCIENCES DE LA VIE ET DE LA SANTÉ,UNIVERSITÉ,FRANCE,18-21,FÉMININ,LICENCE,PRÉSENTIEL,OUI,MATHÉMATIQUES,SCIENCES DE LA VIE ET DE LA TERRE (SVT),SCIENCES DE LA VIE ET DE LA TERRE (SVT),ART,RECHERCHE
ECONOMIE ET SOCIALE (ÉQUIVALENT),ASSEZ-BIEN,ECONOMIE ET MANAGEMENT,LONGUES (>= MASTER),ECONOMIE ET GESTION,UNIVERSITÉ,SÉNÉGAL,12-17,FÉMININ,BAC,PRÉSENTIEL,OUI,MATHÉMATIQUES,SCIENCES ÉCONOMIQUES ET SOCIALES,MATHÉMATIQUES,SCIENCES ÉCONOMIQUES ET SOCIALES,IMMOBILIER
ECONOMIE ET SOCIALE (ÉQUIVALENT),BIEN,ECONOMIE ET GESTION,COURTES ( < MASTER),ECONOMIE ET GESTION,UNIVERSITÉ,FRANCE,18-21,FÉMININ,BAC,PRÉSENTIEL,OUI,MATHÉMATIQUES,SCIENCES ÉCONOMIQUES ET SOCIALES,HISTOIRE-GÉOGRAPHIE ( HGGSP ),SCIENCES ÉCONOMIQUES ET SOCIALES,RESSOURCES HUMAINES
SCIENTIFIQUE (ÉQUIVALENT),ASSEZ-BIEN,MÉCANIQUE,LONGUES (>= MASTER),DROIT ET SCIENCES POLITIQUES,GRANDE ÉCOLE / ÉCOLE D'INGÉNIEURE,NIGER,22-25,FÉMININ,LICENCE,HYBRIDES,OUI,PHYSIQUE-CHIMIE (PC),PAS DE SPÉ,MATHÉMATIQUES,SCIENCES NUMÉRIQUES ET TECHNOLOGIE,LA BIOTECH
SCIENTIFIQUE (ÉQUIVALENT),BIEN,CHIMIE,COURTES ( < MASTER),SCIENCES ET TECHNOLOGIES,BUT,FRANCE,12-17,FÉMININ,BACHELOR,PRÉSENTIEL,OUI,PHYSIQUE-CHIMIE (PC),PAS DE SPÉ,MATHÉMATIQUES,NON RENSEIGNÉ,NON RENSEIGNÉ
ECONOMIE ET SOCIALE (ÉQUIVALENT),ASSEZ-BIEN,ECONOMIE ET GESTION,LONGUES (>= MASTER),ECONOMIE ET GESTION,UNIVERSITÉ,FRANCE,18-21,FÉMININ,LICENCE,PRÉSENTIEL,OUI,SCIENCES ÉCONOMIQUES ET SOCIALES,HISTOIRE-GÉOGRAPHIE ( HGGSP ),MATHÉMATIQUES,PHILOSOPHIE,ECONOMIE ET GESTION
ECONOMIE ET SOCIALE (ÉQUIVALENT),ASSEZ-BIEN,ECONOMIE ET GESTION,COURTES ( < MASTER),ECONOMIE ET GESTION,UNIVERSITÉ,FRANCE,18-21,MASCULIN,BAC,PRÉSENTIEL,OUI,SCIENCES ÉCONOMIQUES ET SOCIALES,SCIENCES DE LA VIE ET DE LA TERRE (SVT),PHILOSOPHIE,NON RENSEIGNÉ,ECONOMIE ET GESTION
SCIENTIFIQUE (ÉQUIVALENT),BIEN,CHIMIE,COURTES ( < MASTER),SCIENCES ET TECHNOLOGIES,BUT,FRANCE,12-17,FÉMININ,BACHELOR,PRÉSENTIEL,OUI,PHYSIQUE-CHIMIE (PC),PAS DE SPÉ,PHYSIQUE-CHIMIE (PC),NON RENSEIGNÉ,NON RENSEIGNÉ
ECONOMIE ET SOCIALE (ÉQUIVALENT),ASSEZ-BIEN,ECONOMIE ET GESTION,LONGUES (>= MASTER),ECONOMIE ET GESTION,UNIVERSITÉ,CONGO,18-21,FÉMININ,MASTER,HYBRIDES,NON,SCIENCES ÉCONOMIQUES ET SOCIALES,PAS DE SPÉ,SCIENCES ÉCONOMIQUES ET SOCIALES,NON RENSEIGNÉ,LES RESSOURCES HUMAINES
SCIENTIFIQUE (ÉQUIVALENT),PASSABLE,BIOLOGIE CELLULAIRE ET PHYSIOLOGIE,COURTES ( < MASTER),SCIENCES ET TECHNOLOGIES,UNIVERSITÉ,BÉNIN,12-17,FÉMININ,LICENCE,PRÉSENTIEL,OUI,SCIENCES DE LA VIE ET DE LA TERRE (SVT),PAS DE SPÉ,SCIENCES DE LA VIE ET DE LA TERRE (SVT),LANGUES ÉTRANGÈRES,ESTHÉTIQUE
SCIENTIFIQUE (ÉQUIVALENT),PASSABLE,BIOLOGIE CELLULAIRE ET PHYSIOLOGIE,LONGUES (>= MASTER),SCIENCES ET TECHNOLOGIES,UNIVERSITÉ,AFRIQUE,18-21,FÉMININ,LICENCE,PRÉSENTIEL,OUI,SCIENCES DE LA VIE ET DE LA TERRE (SVT),PAS DE SPÉ,SCIENCES DE LA VIE ET DE LA TERRE (SVT),NON RENSEIGNÉ,BIO-INFORMATIQUES
ECONOMIE ET SOCIALE (ÉQUIVALENT),TRÈS-BIEN,ECONOMIE ET GESTION,LONGUES (>= MASTER),ECONOMIE ET GESTION,ECOLE DE COMMERCE,MAROC,18-21,FÉMININ,LICENCE,LIGNE,OUI,SCIENCES ÉCONOMIQUES ET SOCIALES,PAS DE SPÉ,SCIENCES ÉCONOMIQUES ET SOCIALES,LANGUES ÉTRANGÈRES,DÉVELOPPEMENT DE LOGICIELS
SCIENTIFIQUE (ÉQUIVALENT),ASSEZ-BIEN,INFORMATIQUE,LONGUES (>= MASTER),SCIENCES ET TECHNOLOGIES,UNIVERSITÉ,FRANCE,18-21,MASCULIN,MASTER,PRÉSENTIEL,OUI,SCIENCES DE LA VIE ET DE LA TERRE (SVT),PAS DE SPÉ,HISTOIRE-GÉOGRAPHIE ( HGGSP ),SCIENCES NUMÉRIQUES ET TECHNOLOGIE,DÉVELOPPEMENT DE LOGICIELS
LITTÉRAIRE (ÉQUIVALENT),ASSEZ-BIEN,SOCIOLOGIE,LONGUES (>= MASTER),SCIENCES HUMAINES ET SOCIALES,UNIVERSITÉ,SÉNÉGAL,18-21,FÉMININ,LICENCE,PRÉSENTIEL,NON,SCIENCES ÉCONOMIQUES ET SOCIALES,PAS DE SPÉ,FRANÇAIS,NON RENSEIGNÉ,RESSOURCES HUMAINES
LITTÉRAIRE (ÉQUIVALENT),BIEN,SIAD,COURTES ( < MASTER),SCIENCES HUMAINES ET SOCIALES,UNIVERSITÉ,FRANCE,12-17,FÉMININ,LICENCE,HYBRIDES,OUI,HISTOIRE-GÉOGRAPHIE ( HGGSP ),HUMANITÉS,ART,NON RENSEIGNÉ,LE SOCIAL
ECONOMIE ET SOCIALE (ÉQUIVALENT),BIEN,SOCIOLOGIE,LONGUES (>= MASTER),SCIENCES HUMAINES ET SOCIALES,UNIVERSITÉ,FRANCE,12-17,FÉMININ,LICENCE,PRÉSENTIEL,OUI,SCIENCES ÉCONOMIQUES ET SOCIALES,HISTOIRE-GÉOGRAPHIE ( HGGSP ),SCIENCES ÉCONOMIQUES ET SOCIALES,NON RENSEIGNÉ,SCIENCES SOCIALES
TECHNIQUE (ÉQUIVALENT),PASSABLE,MIASHS,LONGUES (>= MASTER),SCIENCES ET TECHNOLOGIES,GRANDE ÉCOLE / ÉCOLE D'INGÉNIEURE,FRANCE,18-21,MASCULIN,LICENCE,PRÉSENTIEL,OUI,SCIENCES ÉCONOMIQUES ET SOCIALES,NUMÉRIQUES ET SCIENCES INFORMATIQUES,HISTOIRE-GÉOGRAPHIE ( HGGSP ),NON RENSEIGNÉ,INGÉNIEURIE
SCIENTIFIQUE (ÉQUIVALENT),ASSEZ-BIEN,INFORMATIQUE ET TÉLÉCOM,LONGUES (>= MASTER),SCIENCES ET TECHNOLOGIES,GRANDE ÉCOLE / ÉCOLE D'INGÉNIEURE,SÉNÉGAL,18-21,FÉMININ,MASTER,HYBRIDES,OUI,NUMÉRIQUES ET SCIENCES INFORMATIQUES,PAS DE SPÉ,MATHÉMATIQUES,PHYSIQUE-CHIMIE (PC),RÉSEAU TÉLÉCOM
SCIENTIFIQUE (ÉQUIVALENT),ASSEZ-BIEN,MIASHS,LONGUES (>= MASTER),SCIENCES ET TECHNOLOGIES,UNIVERSITÉ,NIGER,18-21,FÉMININ,LICENCE,PRÉSENTIEL,OUI,MATHÉMATIQUES,PAS DE SPÉ,MATHÉMATIQUES,SCIENCES DE LA VIE ET DE LA TERRE (SVT),ECONOMIE ET GESTION
SCIENTIFIQUE (ÉQUIVALENT),ASSEZ-BIEN,MIAGE,COURTES ( < MASTER),SCIENCES ET TECHNOLOGIES,UNIVERSITÉ,FRANCE,12-17,FÉMININ,LICENCE,PRÉSENTIEL,OUI,MATHÉMATIQUES,PAS DE SPÉ,FRANÇAIS,LANGUES ÉTRANGÈRES,CHEFFERIE DE PROJET
SCIENTIFIQUE (ÉQUIVALENT),BIEN,STATISTIQUE ET INFORMATIQUE,LONGUES (>= MASTER),SCIENCES ET TECHNOLOGIES,GRANDE ÉCOLE / ÉCOLE D'INGÉNIEURE,CONGO,12-17,FÉMININ,INGÉNIEUR,PRÉSENTIEL,OUI,MATHÉMATIQUES,PAS DE SPÉ,MATHÉMATIQUES,NON RENSEIGNÉ,ASSURANCE
LITTÉRAIRE (ÉQUIVALENT),PASSABLE,NÉGOCIATION ET DIGITALISATION DE LA RELATION CLIENT,LONGUES (>= MASTER),"LETTRES, LANGUES ET ART",ECOLE DE COMMERCE,GUYANE,22-25,FÉMININ,BAC,PRÉSENTIEL,OUI,SCIENCES HUMAINES,LITTÉRATURE ET PHILOSOPHIE,FRANÇAIS,LANGUES ÉTRANGÈRES,ECONOMIE ET GESTION
SCIENTIFIQUE (ÉQUIVALENT),PASSABLE,ÉCONOMIE MANAGEMENT DES ENTREPRISES,LONGUES (>= MASTER),ECONOMIE ET GESTION,UNIVERSITÉ,CENTRAFRIQUE,12-17,MASCULIN,LICENCE,PRÉSENTIEL,OUI,MATHÉMATIQUES,SCIENCES ÉCONOMIQUES ET SOCIALES,MATHÉMATIQUES,SCIENCES ÉCONOMIQUES ET SOCIALES,ECONOMIE ET GESTION
SCIENTIFIQUE (ÉQUIVALENT),PASSABLE,INFORMATIQUE ET TÉLÉCOM,LONGUES (>= MASTER),SCIENCES ET TECHNOLOGIES,GRANDE ÉCOLE / ÉCOLE D'INGÉNIEURE,NIGER,18-21,MASCULIN,MASTER,HYBRIDES,OUI,NUMÉRIQUES ET SCIENCES INFORMATIQUES,PAS DE SPÉ,SCIENCES NUMÉRIQUES ET TECHNOLOGIE,NON RENSEIGNÉ,SCIENCE TECHNOLOGIES
SCIENTIFIQUE (ÉQUIVALENT),TRÈS-BIEN,PHILOSOPHIE,LONGUES (>= MASTER),SCIENCES HUMAINES ET SOCIALES,UNIVERSITÉ,FRANCE,12-17,FÉMININ,LICENCE,HYBRIDES,NON,SCIENCES DE LA VIE ET DE LA TERRE (SVT),PAS DE SPÉ,HISTOIRE-GÉOGRAPHIE ( HGGSP ),NON RENSEIGNÉ,AUCUN
SCIENTIFIQUE (ÉQUIVALENT),BIEN,INFORMATIQUE,LONGUES (>= MASTER),SCIENCES ET TECHNOLOGIES,UNIVERSITÉ,FRANCE,18-21,MASCULIN,DOCTORAT,PRÉSENTIEL,OUI,MATHÉMATIQUES,SCIENCES DE L'INGÉNIEUR,MATHÉMATIQUES,SCIENCES NUMÉRIQUES ET TECHNOLOGIE,RECHERCHE
SCIENTIFIQUE (ÉQUIVALENT),PASSABLE,INFORMATIQUE,LONGUES (>= MASTER),SCIENCES ET TECHNOLOGIES,UNIVERSITÉ,GABON,18-21,MASCULIN,BAC,PRÉSENTIEL,OUI,MATHÉMATIQUES,PAS DE SPÉ,MATHÉMATIQUES,NON RENSEIGNÉ,DÉVELOPPEMENT DE LOGICIELS
SCIENTIFIQUE (ÉQUIVALENT),PASSABLE,INFORMATIQUE,LONGUES (>= MASTER),SCIENCES ET TECHNOLOGIES,UNIVERSITÉ,FRANCE,12-17,FÉMININ,LICENCE,PRÉSENTIEL,OUI,SCIENCES DE LA VIE ET DE LA TERRE (SVT),PAS DE SPÉ,MATHÉMATIQUES,SCIENCES DE LA VIE ET DE LA TERRE (SVT),DEVELOPPEUR
SCIENTIFIQUE (ÉQUIVALENT),BIEN,MIASHS,LONGUES (>= MASTER),SCIENCES ET TECHNOLOGIES,UNIVERSITÉ,TUNISIE,18-21,MASCULIN,MASTER,PRÉSENTIEL,OUI,MATHÉMATIQUES,SCIENCES ÉCONOMIQUES ET SOCIALES,MATHÉMATIQUES,SCIENCES ÉCONOMIQUES ET SOCIALES,DOMAINE DE LA DATA
SCIENTIFIQUE (ÉQUIVALENT),ASSEZ-BIEN,MATHÉMATIQUES,LONGUES (>= MASTER),SCIENCES ET TECHNOLOGIES,UNIVERSITÉ,COMORES,18-21,MASCULIN,MASTER,PRÉSENTIEL,OUI,MATHÉMATIQUES,PAS DE SPÉ,MATHÉMATIQUES,SCIENCES NUMÉRIQUES ET TECHNOLOGIE,DOMAINE DE LA DATA
SCIENTIFIQUE (ÉQUIVALENT),ASSEZ-BIEN,MIASHS,LONGUES (>= MASTER),SCIENCES ET TECHNOLOGIES,UNIVERSITÉ,FRANCE,18-21,FÉMININ,MASTER,PRÉSENTIEL,OUI,MATHÉMATIQUES,PAS DE SPÉ,MATHÉMATIQUES,SCIENCES NUMÉRIQUES ET TECHNOLOGIE,DÉVELOPPEMENT DE LOGICIELS
SCIENTIFIQUE (ÉQUIVALENT),PASSABLE,INFORMATIQUE,LONGUES (>= MASTER),SCIENCES ET TECHNOLOGIES,UNIVERSITÉ,CAMEROUN,18-21,MASCULIN,MASTER,HYBRIDES,NON,SCIENCES DE LA VIE ET DE LA TERRE (SVT),PAS DE SPÉ,SCIENCES DE LA VIE ET DE LA TERRE (SVT),LANGUES ÉTRANGÈRES,DÉVELOPPEMENT DE LOGICIELS
